1611,	0.1,	0.2,	158.6
1703,	-0.3,	-0.2,	158.6
1795,	0.1,	0.4,	158.6
1887,	0.0,	-0.4,	159.8
1979,	0.1,	0.1,	159.8
2071,	0.1,	0.1,	160.9
2162,	0.2,	0.7,	160.9
2254,	-0.1,	0.0,	160.9
2347,	0.2,	0.7,	162.1
2439,	-0.2,	0.1,	162.1
2530,	0.2,	0.6,	163.3
2622,	-0.0,	0.1,	163.3
2723,	-0.0,	-0.2,	163.3
2816,	0.0,	0.1,	165.6
2907,	0.1,	0.3,	165.6
2999,	0.1,	-0.4,	165.6
3091,	-0.3,	-0.2,	165.6
3182,	-0.1,	-0.2,	166.7
3274,	-0.0,	0.0,	166.7
3366,	-0.2,	-0.1,	167.9
3459,	-0.0,	-0.4,	169.0
3550,	-0.2,	-0.1,	169.0
3642,	-0.2,	-0.8,	170.2
3734,	-0.2,	-0.6,	171.4
3835,	-0.0,	-0.6,	171.4
3928,	-0.0,	0.6,	170.2
4020,	-0.2,	0.4,	171.4
4111,	-0.1,	0.3,	173.7
4203,	-0.1,	-0.3,	173.7
4295,	-0.1,	-0.1,	173.7
4386,	-0.4,	0.1,	174.8
4478,	-0.0,	0.2,	174.8
4571,	-0.1,	-0.4,	176.0
4663,	-0.2,	0.1,	176.0
4754,	-0.0,	-0.0,	177.2
4846,	0.1,	0.2,	177.2
4947,	0.0,	0.6,	179.5
5039,	-0.0,	-869.8,	179.5
5131,	0.2,	0.1,	179.5
5223,	-0.0,	-0.3,	179.5
5315,	-0.2,	0.3,	180.6
5406,	0.1,	-0.2,	180.6
5498,	0.2,	0.6,	181.8
5591,	0.0,	-0.1,	182.9
5683,	0.0,	0.6,	182.9
5774,	0.1,	0.1,	184.1
5866,	0.0,	0.9,	185.3
5958,	-0.0,	0.2,	185.3
6060,	0.0,	-0.8,	186.4
6151,	-0.0,	0.1,	187.6
6243,	-0.2,	-1.0,	187.6
6335,	0.1,	0.1,	188.7
6426,	0.1,	-0.6,	189.9
6518,	0.3,	-0.0,	189.9
6610,	0.1,	-0.8,	191.0
6703,	0.2,	-0.9,	191.0
6794,	0.3,	-0.5,	191.0
6886,	-0.0,	-0.3,	192.2
6978,	-0.2,	-0.8,	193.4
7070,	0.0,	0.7,	192.2
7171,	-0.0,	-0.0,	194.5
7263,	-0.1,	0.2,	194.5
7355,	0.3,	0.1,	194.5
7446,	0.0,	0.3,	194.5
7538,	-0.0,	-0.4,	195.7
7630,	-0.2,	0.3,	196.8
7721,	0.2,	0.1,	196.8
7814,	-0.1,	-0.3,	198.0
7906,	-0.0,	0.0,	196.8
7998,	-0.0,	0.4,	196.8
8089,	0.3,	-0.2,	198.0
8181,	0.2,	0.2,	199.1
8283,	-0.2,	-0.1,	199.1
8374,	-0.0,	-0.5,	199.1
8466,	-0.2,	-0.4,	200.3
8558,	-0.2,	-0.7,	200.3
8650,	-0.1,	-0.2,	201.5
8741,	-0.0,	-0.8,	201.5
8834,	-0.1,	-0.3,	201.5
8926,	-0.1,	-0.8,	202.6
9018,	-0.0,	0.1,	202.6
9109,	-0.0,	0.0,	202.6
9201,	0.0,	0.9,	203.8
9293,	0.0,	-0.1,	203.8
9395,	-0.1,	-0.7,	203.8
9486,	0.2,	-0.1,	203.8
9578,	-0.4,	-0.3,	203.8
9670,	0.1,	-0.1,	204.9
9762,	-0.1,	-0.9,	204.9
9853,	-0.2,	0.2,	206.1
9946,	-0.0,	-0.4,	206.1
10038,	0.1,	-0.3,	206.1
10129,	0.3,	-0.7,	207.2
10221,	-0.3,	-0.1,	207.2
10313,	-0.2,	-0.3,	207.2
10405,	0.0,	-0.1,	207.2
10507,	-0.2,	0.4,	207.2
10599,	0.0,	-0.3,	208.4
10690,	0.0,	-0.7,	208.4
10782,	0.3,	-0.2,	208.4
10874,	-0.1,	-0.5,	208.4
10967,	-0.1,	1.4,	207.2
11058,	0.3,	4.0,	203.8
11150,	-4.5,	1.4,	187.6
11242,	8.3,	-2.2,	204.9
11334,	-6.0,	0.3,	191.0
11426,	-1.8,	1.5,	194.5
11517,	-4.9,	-3.2,	199.1
11620,	-5.6,	-4.5,	200.3
11711,	-1.0,	-3.2,	185.3
11803,	6.2,	-4.5,	199.1
11895,	-5.9,	-4.9,	186.4
11987,	-0.9,	-6.8,	186.4
12080,	6.7,	-8.9,	192.2
12171,	7.1,	-7.1,	178.3
12263,	-3.4,	-6.2,	189.9
12355,	-3.9,	-10.2,	180.6
12447,	7.2,	-9.2,	181.8
12539,	-4.0,	-9.9,	184.1
12631,	-3.2,	-8.9,	173.7
12733,	-6.5,	-12.0,	174.8
12824,	-4.2,	-11.4,	187.6
12916,	-3.2,	-14.3,	182.9
13008,	7.2,	-13.3,	186.4
13101,	-4.5,	-15.4,	199.1
13193,	-2.9,	-15.1,	191.0
13285,	7.1,	-17.5,	216.5
13376,	-4.8,	-16.4,	223.4
13468,	-2.9,	-17.2,	213.0
13560,	6.7,	-19.3,	316.0
13652,	6.5,	-18.8,	291.7
13745,	-1.0,	-18.7,	214.2
13846,	6.8,	-19.8,	305.6
13938,	-5.1,	-20.4,	457.2
14030,	-2.0,	-20.7,	561.3
14123,	6.7,	-23.2,	512.7
14215,	-4.5,	-21.7,	906.2
14306,	-1.5,	-23.4,	724.5
14398,	-4.5,	-24.1,	678.2
14490,	4.7,	-23.3,	1059.0
14582,	-0.1,	-24.1,	1059.0
14674,	-4.4,	-26.0,	1055.5
14767,	3.6,	-24.1,	1060.1
14859,	0.8,	-25.4,	1059.0
14960,	3.5,	-26.6,	1059.0
15052,	2.2,	-24.9,	1060.1
15144,	1.3,	-25.9,	1059.0
15237,	-3.1,	-26.2,	1059.0
15329,	1.6,	-26.2,	1059.0
15421,	1.5,	-25.5,	1059.0
15513,	-3.0,	-27.2,	1059.0
15604,	1.7,	-25.3,	1059.0
15696,	1.3,	-25.7,	1059.0
15789,	-2.8,	-25.6,	1059.0
15881,	-2.6,	-27.0,	1059.0
15973,	0.2,	-25.6,	1059.0
16075,	-2.8,	-25.7,	1060.1
16166,	1.7,	-24.6,	1060.1
16259,	1.2,	-24.7,	1059.0
16351,	-2.8,	-25.1,	1059.0
16443,	2.0,	-23.4,	1059.0
16535,	0.9,	-23.9,	1059.0
16627,	2.1,	-24.3,	1059.0
16719,	-3.0,	-25.3,	1059.0
16812,	0.6,	-22.7,	1059.0
16903,	2.0,	-24.0,	1060.1
16995,	-2.9,	-24.0,	1059.0
17087,	0.8,	-23.3,	1059.0
17189,	-2.9,	-23.5,	1059.0
17282,	-3.0,	-24.4,	1057.8
17374,	0.9,	-22.1,	1060.1
17465,	2.0,	-23.2,	1059.0
17557,	-3.0,	-22.9,	1059.0
17649,	1.0,	-21.4,	1059.0
17741,	1.9,	-22.4,	1059.0
17833,	-2.9,	-21.9,	1059.0
17926,	1.0,	-21.6,	1059.0
18018,	2.0,	-22.4,	1059.0
18109,	3.0,	-22.8,	1059.0
18201,	-2.6,	-22.5,	1059.0
18304,	1.7,	-23.2,	1059.0
18396,	-3.1,	-22.6,	1059.0
18488,	0.9,	-21.9,	1057.8
18580,	1.8,	-22.8,	1059.0
18672,	-3.3,	-22.6,	1059.0
18764,	1.5,	-21.3,	1059.0
18856,	-0.4,	-21.9,	1059.0
18948,	2.7,	-21.8,	1059.0
19040,	-2.6,	-22.3,	1060.1
19132,	-0.4,	-21.3,	1060.1
19224,	2.7,	-22.2,	1059.0
19316,	-2.7,	-22.0,	1060.1
19419,	1.6,	-21.7,	1060.1
19511,	-3.1,	-21.4,	1060.1
19603,	-2.7,	-20.9,	1059.0
19695,	0.2,	-22.9,	1059.0
19786,	2.5,	-21.8,	1060.1
19878,	-2.8,	-22.3,	1059.0
19971,	-0.1,	-21.1,	1059.0
20063,	2.8,	-23.2,	1059.0
20155,	-2.7,	-21.8,	1059.0
20247,	0.1,	-22.3,	1059.0
20339,	2.4,	-23.7,	1059.0
20430,	3.0,	-22.8,	1059.0
20533,	0.1,	-23.9,	1060.1
20625,	2.5,	-22.2,	1059.0
20717,	-2.9,	-22.9,	1059.0
20809,	0.3,	-22.1,	1059.0
20901,	2.7,	-23.6,	1060.1
20993,	-3.1,	-21.7,	1059.0
21085,	0.6,	-22.7,	1059.0
21177,	-1.2,	-22.7,	1060.1
21269,	3.1,	-21.7,	1059.0
21361,	-2.1,	-22.1,	1059.0
21453,	-1.0,	-23.5,	1059.0
21545,	3.1,	-22.5,	1060.1
21647,	0.4,	-22.5,	1060.1
21739,	2.4,	-22.9,	1060.1
21831,	3.3,	-21.9,	1060.1
21923,	-2.0,	-22.8,	1059.0
22016,	-0.9,	-22.4,	1059.0
22108,	3.3,	-22.2,	1060.1
22200,	-2.1,	-23.0,	1059.0
22292,	-1.2,	-23.1,	1059.0
22383,	3.2,	-23.0,	1059.0
22475,	-2.0,	-21.9,	1059.0
22567,	-1.0,	-22.2,	1059.0
22660,	-2.4,	-23.0,	1059.0
22762,	-2.2,	-23.0,	1059.0
22854,	-0.7,	-22.2,	1057.8
22946,	3.1,	-22.4,	1059.0
23038,	-2.1,	-23.0,	1059.0
23130,	-0.9,	-23.4,	1059.0
23222,	3.1,	-23.7,	1059.0
23314,	-2.3,	-22.8,	1060.1
23406,	-1.0,	-23.3,	1059.0
23498,	-2.1,	-23.7,	1060.1
23590,	3.2,	-22.1,	1060.1
23683,	-1.1,	-23.4,	1060.1
23775,	-1.9,	-22.3,	1059.0
23877,	-2.3,	-23.9,	1059.0
23969,	-0.4,	-22.9,	1059.0
24060,	3.2,	-22.8,	1059.0
24153,	3.3,	-22.5,	1059.0
24245,	-1.2,	-23.3,	1059.0
24337,	-1.9,	-23.1,	1059.0
24429,	3.4,	-22.2,	1061.3
24521,	-1.5,	-23.9,	1059.0
24613,	-1.7,	-22.2,	1059.0
24706,	3.3,	-22.6,	1059.0
24797,	-1.1,	-23.6,	1059.0
24889,	-1.7,	-23.1,	1059.0
24991,	3.5,	-22.6,	1059.0
25083,	-1.3,	-24.7,	1059.0
25176,	-1.8,	-22.5,	1059.0
25268,	3.6,	-22.9,	1059.0
25360,	-1.3,	-24.2,	1060.1
25452,	-1.5,	-22.7,	1059.0
25544,	3.5,	-23.8,	1059.0
25635,	-1.4,	-24.1,	1059.0
25728,	0.3,	-23.2,	1060.1
25820,	-2.6,	-23.3,	1060.1
25912,	3.0,	-23.5,	1059.0
26004,	0.3,	-24.8,	1060.1
26106,	3.5,	-24.0,	1059.0
26198,	-1.6,	-24.7,	1059.0
26290,	-1.2,	-23.8,	1059.0
26382,	-2.4,	-24.5,	1059.0
26474,	3.2,	-24.6,	1059.0
26566,	0.1,	-24.1,	1060.1
26658,	-2.2,	-24.2,	1059.0
26750,	3.4,	-24.1,	1060.1
26843,	-0.1,	-25.0,	1059.0
26934,	-2.2,	-24.0,	1059.0
27026,	3.1,	-24.3,	1059.0
27118,	-0.0,	-24.3,	1059.0
27220,	-2.3,	-24.3,	1059.0
27313,	3.3,	-23.9,	1059.0
27405,	0.1,	-23.9,	1059.0
27497,	-1.9,	-23.6,	1059.0
27589,	3.4,	-24.9,	1059.0
27680,	-0.4,	-25.0,	1059.0
27772,	-2.2,	-23.5,	1059.0
27865,	3.3,	-24.6,	1060.1
27957,	2.6,	-24.4,	1059.0
28049,	1.5,	-23.7,	1060.1
28141,	-2.8,	-24.7,	1059.0
28233,	2.7,	-24.4,	1059.0
28335,	-1.9,	-24.2,	1059.0
28427,	3.6,	-25.0,	1059.0
28519,	-0.2,	-25.4,	1059.0
28611,	1.6,	-24.4,	1059.0
28703,	-2.7,	-26.3,	1059.0
28795,	2.6,	-24.5,	1059.0
28888,	1.2,	-25.1,	1057.8
28979,	-2.9,	-25.7,	1059.0
29071,	2.8,	-24.8,	1059.0
29163,	1.5,	-24.9,	1059.0
29255,	-2.9,	-24.7,	1060.1
29347,	2.7,	-26.0,	1060.1
29450,	1.4,	-24.3,	1060.1
29542,	-2.9,	-26.0,	1059.0
29633,	2.9,	-24.2,	1060.1
29725,	1.4,	-25.0,	1059.0
29817,	-2.6,	-24.9,	1059.0
29910,	3.2,	-26.5,	1060.1
30002,	1.3,	-24.9,	1060.1
30094,	-2.6,	-25.5,	1060.1
30186,	-2.7,	-25.6,	1059.0
30278,	1.4,	-25.2,	1059.0
30369,	2.9,	-24.4,	1060.1
30461,	-2.5,	-26.5,	1059.0
30564,	1.4,	-25.6,	1060.1
30656,	-2.2,	-25.7,	1059.0
30748,	3.2,	-25.9,	1059.0
30840,	1.3,	-25.2,	1059.0
30932,	2.7,	-25.6,	1060.1
31025,	-2.7,	-25.9,	1060.1
31117,	2.0,	-25.3,	1059.0
31208,	2.6,	-25.5,	1059.0
31300,	-2.7,	-26.4,	1059.0
31392,	2.0,	-25.2,	1060.1
31484,	2.7,	-26.1,	1060.1
31577,	-2.5,	-26.0,	1059.0
31679,	2.2,	-24.9,	1059.0
31771,	2.5,	-26.0,	1059.0
31863,	-2.5,	-25.9,	1060.1
31954,	1.9,	-25.3,	1060.1
32047,	2.7,	-26.0,	1059.0
32139,	-2.4,	-26.5,	1059.0
32231,	2.4,	-24.3,	1059.0
32323,	2.5,	-26.8,	1059.0
32415,	-2.7,	-25.6,	1059.0
32507,	-2.1,	-26.1,	1059.0
32600,	0.8,	-24.7,	1059.0
32691,	3.9,	-26.2,	1059.0
32793,	2.3,	-25.7,	1059.0
32885,	2.8,	-27.0,	1059.0
32977,	-2.4,	-26.3,	1059.0
33070,	2.7,	-25.1,	1060.1
33162,	0.8,	-26.8,	1059.0
33253,	4.0,	-25.9,	1059.0
33345,	-1.9,	-26.5,	1059.0
33437,	0.9,	-25.7,	1059.0
33529,	3.9,	-27.1,	1059.0
33622,	-1.8,	-26.3,	1059.0
33714,	0.9,	-26.1,	1059.0
33806,	4.1,	-26.5,	1059.0
33907,	-1.6,	-26.2,	1060.1
33999,	1.1,	-27.1,	1059.0
34092,	4.3,	-25.7,	1060.1
34184,	-1.8,	-25.7,	1060.1
34276,	1.2,	-26.1,	1059.0
34368,	3.6,	-26.6,	1059.0
34460,	-1.6,	-25.9,	1059.0
34552,	1.9,	-25.9,	1059.0
34643,	4.0,	-26.8,	1059.0
34736,	4.6,	-25.8,	1059.0
34828,	-0.6,	-26.4,	1059.0
34920,	-0.0,	-27.9,	1060.1
35022,	-1.8,	-25.7,	1059.0
35115,	1.7,	-27.1,	1059.0
35207,	3.6,	-27.2,	1059.0
35299,	-1.4,	-26.1,	1060.1
35390,	2.3,	-26.6,	1060.1
35482,	0.4,	-27.6,	1060.1
35574,	4.5,	-25.9,	1057.8
35666,	-0.8,	-27.5,	1060.1
35759,	0.5,	-28.1,	1059.0
35851,	4.8,	-26.6,	1059.0
35943,	-1.0,	-26.4,	1059.0
36035,	1.2,	-27.5,	1059.0
36136,	4.9,	-26.6,	1059.0
36229,	-0.9,	-27.5,	1059.0
36321,	0.7,	-27.6,	1060.1
36413,	5.6,	-26.2,	1060.1
36505,	-0.9,	-27.9,	1059.0
36597,	1.1,	-27.0,	1060.1
36688,	4.9,	-28.0,	1060.1
36781,	-0.9,	-26.3,	1059.0
36873,	1.4,	-28.7,	1059.0
36965,	-0.6,	-28.1,	1059.0
37057,	5.0,	-27.5,	1059.0
37149,	0.5,	-27.8,	1059.0
37251,	5.2,	-26.6,	1060.1
37343,	-0.8,	-28.7,	1059.0
37435,	1.3,	-27.6,	1059.0
37527,	5.0,	-28.4,	1059.0
37619,	-0.3,	-27.2,	1059.0
37711,	0.6,	-28.6,	1059.0
37804,	-0.1,	-27.5,	1059.0
37896,	5.3,	-27.3,	1060.1
37987,	0.6,	-27.8,	1060.1
38079,	-0.0,	-28.3,	1059.0
38171,	5.4,	-27.7,	1059.0
38263,	0.6,	-29.4,	1059.0
38366,	5.3,	-27.8,	1059.0
38458,	5.6,	-27.1,	1059.0
38550,	0.8,	-28.4,	1059.0
38641,	0.5,	-27.6,	1059.0
38733,	5.7,	-27.9,	1059.0
38825,	0.9,	-28.6,	1057.8
38918,	0.6,	-28.3,	1060.1
39010,	5.5,	-27.5,	1060.1
39102,	0.7,	-29.5,	1060.1
39194,	2.3,	-26.9,	1059.0
39285,	-0.8,	-28.3,	1060.1
39377,	5.5,	-27.8,	1060.1
39480,	1.0,	-28.4,	1059.0
39572,	5.9,	-29.2,	1059.0
39664,	0.5,	-29.7,	1060.1
39756,	0.7,	-28.5,	1059.0
39848,	6.0,	-28.7,	1059.0
39940,	5.7,	-30.0,	1059.0
40032,	2.4,	-27.5,	1060.1
40124,	-0.1,	-28.5,	1059.0
40216,	5.9,	-28.5,	1059.0
40308,	2.4,	-29.3,	1059.0
40400,	-0.2,	-27.7,	1059.0
40493,	6.0,	-28.7,	1059.0
40594,	1.3,	-29.0,	1059.0
40686,	-0.2,	-29.7,	1059.0
40778,	6.1,	-30.2,	1059.0
40870,	2.7,	-29.7,	1059.0
40963,	0.2,	-28.0,	1059.0
41055,	6.0,	-29.3,	1059.0
41146,	2.5,	-29.1,	1060.1
41238,	0.5,	-28.3,	1059.0
41330,	5.9,	-29.9,	1059.0
41422,	5.2,	-29.7,	1060.1
41515,	4.5,	-29.1,	1059.0
41607,	-0.2,	-29.7,	1059.0
41709,	2.8,	-30.4,	1059.0
41801,	0.5,	-28.7,	1060.1
41893,	6.6,	-31.0,	1059.0
41985,	2.8,	-29.7,	1059.0
42077,	0.7,	-29.3,	1060.1
42169,	0.2,	-30.6,	1059.0
42261,	5.5,	-30.0,	1060.1
42353,	4.4,	-29.4,	1060.1
42445,	0.2,	-30.2,	1059.0
42537,	5.8,	-29.9,	1059.0
42629,	4.5,	-31.4,	1060.1
42721,	0.3,	-29.7,	1059.0
42823,	2.6,	-29.3,	1057.8
42915,	4.5,	-29.8,	1059.0
43008,	0.4,	-30.4,	1059.0
43100,	6.3,	-29.9,	1060.1
43191,	4.6,	-29.4,	1060.1
43283,	0.6,	-31.0,	1059.0
43375,	6.2,	-30.2,	1059.0
43467,	4.5,	-30.3,	1059.0
43559,	0.6,	-29.4,	1057.8
43652,	6.7,	-31.1,	1059.0
43744,	5.4,	-29.9,	1059.0
43836,	6.5,	-30.4,	1059.0
43937,	6.9,	-29.7,	1059.0
44029,	4.9,	-30.3,	1060.1
44122,	1.1,	-31.3,	1059.0
44214,	7.2,	-31.1,	1060.1
44306,	4.8,	-29.9,	1059.0
44398,	6.6,	-29.7,	1059.0
44489,	0.7,	-31.5,	1060.1
44581,	6.1,	-29.9,	1059.0
44674,	6.5,	-31.4,	1059.0
44766,	1.1,	-31.8,	1059.0
44858,	6.0,	-31.0,	1060.1
44950,	6.5,	-31.1,	1060.1
45052,	7.9,	-31.9,	1059.0
45144,	6.2,	-30.4,	1059.0
45236,	6.8,	-30.9,	1059.0
45328,	1.4,	-31.9,	1059.0
45420,	6.7,	-29.9,	1059.0
45512,	6.5,	-31.5,	1059.0
45604,	1.7,	-31.0,	1060.1
45697,	7.0,	-30.7,	1059.0
45788,	6.7,	-31.6,	1060.1
45880,	1.6,	-31.9,	1059.0
45972,	2.0,	-32.1,	1060.1
46064,	5.8,	-31.3,	1060.1
46167,	1.7,	-31.5,	1059.0
46259,	7.9,	-30.2,	1059.0
46351,	6.5,	-32.1,	1060.1
46442,	2.0,	-31.2,	1059.0
46534,	8.1,	-31.3,	1060.1
46626,	6.7,	-31.9,	1059.0
46718,	8.2,	-31.6,	1060.1
46811,	2.1,	-31.1,	1059.0
46903,	7.0,	-30.7,	1057.8
46995,	8.4,	-31.7,	1059.0
47087,	2.7,	-32.0,	1060.1
47178,	7.1,	-30.5,	1060.1
47281,	2.6,	-32.3,	1059.0
47373,	1.9,	-32.8,	1059.0
47465,	7.2,	-33.6,	1059.0
47557,	8.4,	-33.2,	1057.8
47649,	2.4,	-32.7,	1059.0
47740,	7.8,	-31.9,	1060.1
47833,	8.8,	-33.3,	1060.1
47925,	2.6,	-32.6,	1059.0
48017,	8.1,	-32.0,	1060.1
48109,	8.4,	-33.8,	1060.1
48201,	9.6,	-32.4,	1059.0
48293,	3.3,	-32.7,	1060.1
48395,	8.4,	-33.4,	1059.0
48487,	3.1,	-33.2,	1059.0
48579,	8.8,	-33.3,	1059.0
48671,	8.4,	-34.3,	1059.0
48763,	3.3,	-32.4,	1059.0
48856,	9.0,	-33.1,	1059.0
48948,	7.6,	-33.7,	1059.0
49039,	9.9,	-32.2,	1059.0
49131,	3.5,	-34.0,	1059.0
49223,	8.1,	-34.0,	1059.0
49315,	9.8,	-34.5,	1060.1
49408,	4.2,	-33.0,	1059.0
49510,	8.2,	-34.6,	1057.8
49602,	3.7,	-32.7,	1059.0
49693,	4.4,	-34.2,	1059.0
49785,	8.9,	-34.3,	1057.8
49878,	9.9,	-34.0,	1059.0
49970,	3.9,	-35.1,	1060.1
50062,	9.3,	-34.1,	1059.0
50154,	10.1,	-34.4,	1059.0
50246,	4.4,	-34.0,	1059.0
50338,	9.6,	-34.8,	1059.0
50429,	10.3,	-34.9,	1059.0
50522,	11.5,	-33.1,	1059.0
50624,	10.4,	-34.4,	1059.0
50716,	10.1,	-34.4,	1059.0
50808,	4.5,	-35.8,	1059.0
50900,	10.4,	-35.8,	1059.0
50993,	10.1,	-34.4,	1060.1
51085,	5.0,	-35.3,	1060.1
51177,	10.8,	-35.6,	1059.0
51269,	9.2,	-35.6,	1060.1
51361,	11.8,	-35.1,	1059.0
51452,	5.3,	-36.5,	1059.0
51545,	9.6,	-34.8,	1060.1
51637,	11.8,	-34.3,	1059.0
51739,	11.3,	-35.4,	1060.1
51831,	10.2,	-34.4,	1059.0
51923,	6.1,	-35.5,	1059.0
52016,	5.7,	-36.0,	1059.0
52108,	10.6,	-35.7,	1059.0
52200,	11.6,	-35.0,	1059.0
52292,	5.7,	-36.7,	1057.8
52384,	11.3,	-35.0,	1059.0
52475,	11.7,	-35.7,	1060.1
52568,	6.0,	-37.0,	1059.0
52660,	11.4,	-35.8,	1059.0
52752,	11.7,	-35.0,	1059.0
52854,	6.6,	-37.3,	1059.0
52946,	12.2,	-36.1,	1059.0
53039,	11.8,	-36.4,	1059.0
53131,	6.8,	-37.4,	1060.1
53223,	12.5,	-35.5,	1059.0
53315,	12.0,	-37.1,	1059.0
53407,	6.8,	-36.7,	1060.1
53498,	12.9,	-36.3,	1059.0
53591,	11.3,	-36.1,	1059.0
53683,	13.5,	-37.2,	1060.1
53775,	7.4,	-37.3,	1059.0
53867,	11.3,	-36.3,	1059.0
53969,	7.1,	-37.9,	1060.1
54062,	13.6,	-36.0,	1059.0
54154,	12.1,	-39.0,	1059.0
54246,	7.2,	-38.0,	1060.1
54338,	14.1,	-37.2,	1059.0
54430,	12.1,	-37.4,	1059.0
54521,	13.8,	-39.0,	1059.0
54614,	7.8,	-38.3,	1059.0
54706,	12.9,	-37.5,	1059.0
54798,	14.0,	-37.7,	1059.0
54890,	8.1,	-37.9,	1059.0
54982,	13.5,	-36.4,	1060.1
55085,	8.5,	-37.4,	1059.0
55177,	8.7,	-38.1,	1059.0
55269,	14.1,	-37.5,	1059.0
55361,	13.6,	-39.0,	1059.0
55453,	8.7,	-38.0,	1059.0
55544,	14.2,	-37.5,	1059.0
55636,	14.3,	-38.4,	1059.0
55729,	8.9,	-38.0,	1059.0
55821,	15.2,	-37.6,	1060.1
55913,	14.0,	-39.8,	1059.0
56005,	15.6,	-38.7,	1059.0
56097,	9.1,	-39.4,	1060.1
56200,	13.7,	-39.2,	1059.0
56291,	9.5,	-38.4,	1059.0
56383,	15.9,	-38.8,	1059.0
56475,	14.2,	-40.2,	1060.1
56567,	9.4,	-39.0,	1059.0
56659,	16.3,	-39.4,	1059.0
56752,	14.4,	-40.8,	1060.1
56844,	16.0,	-38.7,	1060.1
56936,	9.8,	-40.5,	1059.0
57028,	14.9,	-39.7,	1059.0
57120,	15.9,	-40.7,	1060.1
57211,	10.0,	-39.3,	1059.0
57315,	14.4,	-40.7,	1059.0
57406,	10.2,	-39.7,	1059.0
57498,	10.2,	-40.6,	1059.0
57590,	16.0,	-40.4,	1059.0
57682,	16.6,	-39.0,	1060.1
57775,	10.6,	-41.2,	1059.0
57867,	15.7,	-41.1,	1060.1
57959,	16.3,	-40.7,	1059.0
58051,	11.0,	-39.9,	1059.0
58143,	16.6,	-40.9,	1060.1
58235,	16.9,	-40.4,	1060.1
58328,	18.5,	-40.0,	1059.0
58430,	16.9,	-40.8,	1059.0
58521,	16.8,	-40.5,	1060.1
58613,	11.3,	-42.4,	1059.0
58705,	17.3,	-41.9,	1059.0
58798,	16.7,	-41.5,	1060.1
58890,	11.6,	-41.0,	1059.0
58982,	17.6,	-41.9,	1059.0
59074,	15.8,	-41.7,	1060.1
59166,	18.6,	-42.2,	1059.0
59258,	12.0,	-43.6,	1059.0
59351,	16.5,	-42.2,	1059.0
59443,	18.5,	-41.0,	1059.0
59545,	18.4,	-41.3,	1059.0
59637,	16.9,	-41.3,	1059.0
59729,	12.8,	-41.6,	1060.1
59821,	19.0,	-42.8,	1059.0
59913,	17.4,	-43.1,	1060.1
60005,	19.0,	-42.0,	1059.0
60097,	12.8,	-43.4,	1060.1
60189,	18.0,	-41.8,	1059.0
60281,	18.8,	-42.1,	1060.1
60374,	13.2,	-43.5,	1059.0
60466,	18.4,	-42.3,	1057.8
60558,	19.0,	-44.0,	1059.0
60660,	13.6,	-44.1,	1059.0
60752,	18.8,	-42.7,	1059.0
60845,	19.8,	-42.7,	1060.1
60937,	13.7,	-44.0,	1059.0
61028,	18.8,	-42.2,	1059.0
61120,	19.9,	-43.5,	1059.0
61212,	13.8,	-43.7,	1059.0
61304,	19.5,	-42.6,	1060.1
61396,	20.2,	-43.2,	1059.0
61489,	21.5,	-42.9,	1059.0
61581,	14.8,	-44.3,	1060.1
61673,	18.0,	-44.0,	1059.0
61775,	15.0,	-44.7,	1059.0
61868,	20.0,	-43.1,	1059.0
61960,	20.2,	-45.0,	1059.0
62052,	14.7,	-44.7,	1059.0
62144,	20.5,	-43.6,	1060.1
62235,	19.1,	-44.3,	1059.0
62327,	22.2,	-44.5,	1060.1
62419,	15.8,	-44.8,	1060.1
62512,	18.9,	-44.2,	1059.0
62604,	22.4,	-44.8,	1059.0
62696,	16.0,	-45.4,	1060.1
62788,	20.1,	-44.2,	1059.0
62891,	15.7,	-44.5,	1059.0
62983,	22.0,	-45.4,	1060.1
63075,	20.6,	-45.3,	1059.0
63167,	22.4,	-46.0,	1059.0
63259,	16.4,	-45.3,	1059.0
63351,	20.6,	-44.9,	1059.0
63442,	22.7,	-45.2,	1059.0
63535,	16.9,	-45.6,	1060.1
63627,	20.6,	-44.6,	1059.0
63719,	23.2,	-47.3,	1059.0
63811,	16.8,	-45.9,	1060.1
63903,	18.1,	-45.5,	1060.1
64006,	23.3,	-46.9,	1059.0
64098,	17.3,	-46.2,	1059.0
64190,	21.9,	-45.9,	1059.0
64282,	23.4,	-47.1,	1059.0
64374,	17.7,	-46.8,	1059.0
64466,	22.7,	-46.0,	1059.0
64559,	23.9,	-48.1,	1059.0
64650,	25.3,	-46.2,	1059.0
64742,	18.7,	-46.5,	1060.1
64834,	20.9,	-47.5,	1060.1
64926,	24.9,	-47.4,	1060.1
65018,	18.8,	-47.1,	1059.0
65121,	24.0,	-47.2,	1059.0
65213,	18.7,	-47.2,	1059.0
65305,	22.8,	-46.4,	1059.0
65397,	24.3,	-48.3,	1059.0
65489,	25.9,	-47.0,	1060.1
65582,	19.4,	-48.1,	1060.1
65674,	21.7,	-48.5,	1059.0
65765,	26.0,	-47.4,	1060.1
65857,	19.7,	-47.2,	1059.0
65949,	22.1,	-48.3,	1059.0
66041,	25.9,	-48.6,	1059.0
66134,	20.0,	-48.0,	1060.1
66236,	22.5,	-48.8,	1059.0
66328,	26.7,	-47.2,	1059.0
66420,	20.3,	-48.4,	1059.0
66512,	23.3,	-48.3,	1060.1
66605,	26.0,	-48.5,	1059.0
66697,	20.7,	-48.3,	1059.0
66789,	23.5,	-49.0,	1059.0
66881,	26.9,	-49.6,	1059.0
66972,	20.6,	-48.9,	1059.0
67064,	22.1,	-49.4,	1059.0
67156,	22.1,	-50.2,	1059.0
67249,	27.7,	-48.9,	1059.0
67351,	24.5,	-49.3,	1060.1
67443,	27.4,	-48.1,	1059.0
67535,	21.1,	-49.1,	1059.0
67628,	24.4,	-49.0,	1059.0
67720,	27.3,	-49.8,	1059.0
67812,	28.6,	-49.0,	1059.0
67904,	22.5,	-49.8,	1059.0
67996,	23.4,	-50.7,	1060.1
68088,	28.5,	-49.7,	1059.0
68179,	23.0,	-51.2,	1060.1
68272,	23.3,	-51.1,	1060.1
68364,	28.6,	-50.2,	1059.0
68466,	25.9,	-50.9,	1059.0
68558,	28.8,	-51.3,	1059.0
68651,	29.1,	-49.8,	1059.0
68743,	23.9,	-52.4,	1059.0
68835,	24.0,	-51.0,	1059.0
68927,	29.8,	-50.7,	1059.0
69019,	24.3,	-51.3,	1060.1
69111,	25.5,	-50.1,	1060.1
69203,	29.9,	-50.1,	1060.1
69296,	23.7,	-50.7,	1059.0
69387,	25.5,	-51.3,	1060.1
69479,	24.2,	-51.8,	1059.0
69581,	24.0,	-52.5,	1059.0
69673,	25.8,	-51.5,	1059.0
69766,	30.1,	-51.6,	1059.0
69858,	24.7,	-53.4,	1059.0
69950,	26.1,	-52.3,	1059.0
70042,	30.3,	-53.0,	1059.0
70134,	24.9,	-52.5,	1060.1
70226,	26.3,	-52.1,	1059.0
70319,	25.5,	-53.2,	1059.0
70411,	30.7,	-52.5,	1059.0
70503,	26.5,	-53.8,	1059.0
70594,	25.0,	-52.1,	1059.0
70696,	24.7,	-52.8,	1059.0
70789,	27.7,	-53.7,	1059.0
70881,	31.3,	-53.5,	1060.1
70973,	25.3,	-54.5,	1060.1
71065,	26.8,	-52.6,	1059.0
71157,	26.3,	-53.6,	1059.0
71249,	32.4,	-53.5,	1060.1
71342,	26.5,	-53.9,	1060.1
71434,	26.3,	-52.9,	1059.0
71526,	32.0,	-53.5,	1059.0
71618,	27.2,	-53.9,	1059.0
71710,	27.2,	-53.3,	1059.0
71813,	32.9,	-54.4,	1059.0
71905,	27.5,	-53.6,	1060.1
71996,	27.6,	-53.5,	1059.0
72088,	32.8,	-53.7,	1059.0
72180,	27.3,	-54.5,	1059.0
72272,	28.3,	-53.6,	1060.1
72365,	33.5,	-54.1,	1059.0
72457,	28.0,	-54.4,	1059.0
72549,	29.0,	-54.7,	1059.0
72641,	27.6,	-55.2,	1060.1
72733,	33.2,	-55.2,	1059.0
72825,	29.3,	-54.3,	1059.0
72928,	34.0,	-55.8,	1059.0
73020,	28.4,	-55.4,	1059.0
73112,	29.8,	-55.1,	1059.0
73203,	34.1,	-56.4,	1059.0
73295,	28.8,	-54.8,	1059.0
73388,	30.3,	-55.0,	1059.0
73480,	28.6,	-55.4,	1059.0
73572,	34.8,	-54.8,	1059.0
73664,	31.1,	-54.7,	1059.0
73756,	28.9,	-56.8,	1059.0
73848,	35.0,	-56.2,	1059.0
73940,	31.0,	-56.3,	1059.0
74043,	34.9,	-56.9,	1059.0
74135,	35.2,	-56.2,	1059.0
74227,	31.1,	-56.9,	1059.0
74318,	29.6,	-56.7,	1059.0
74411,	36.1,	-57.0,	1060.1
74503,	31.0,	-56.4,	1059.0
74595,	29.5,	-57.8,	1057.8
74687,	35.8,	-57.4,	1059.0
74779,	31.5,	-56.6,	1060.1
74871,	30.4,	-56.1,	1059.0
74963,	36.3,	-57.6,	1059.0
75056,	35.7,	-56.3,	1059.0
75158,	31.5,	-57.6,	1057.8
75250,	36.9,	-57.3,	1060.1
75342,	31.5,	-57.9,	1059.0
75435,	31.9,	-58.6,	1059.0
75527,	37.1,	-58.4,	1060.1
75618,	31.6,	-57.1,	1059.0
75710,	31.8,	-57.7,	1060.1
75802,	30.3,	-59.3,	1060.1
75894,	37.1,	-57.9,	1059.0
75986,	33.8,	-59.2,	1060.1
76079,	30.6,	-59.4,	1059.0
76171,	37.4,	-58.6,	1059.0
76273,	32.6,	-58.9,	1059.0
76365,	37.9,	-57.6,	1059.0
76457,	32.5,	-57.9,	1059.0
76550,	34.4,	-59.1,	1059.0
76642,	31.9,	-59.1,	1060.1
76734,	38.9,	-57.8,	1059.0
76825,	34.0,	-59.9,	1059.0
76917,	32.4,	-59.8,	1060.1
77009,	38.2,	-59.9,	1060.1
77102,	33.9,	-60.0,	1060.1
77194,	33.6,	-60.4,	1060.1
77286,	38.9,	-59.3,	1060.1
77388,	35.1,	-60.4,	1059.0
77480,	33.5,	-59.8,	1059.0
77573,	39.8,	-59.5,	1060.1
77665,	35.1,	-60.7,	1059.0
77757,	34.2,	-60.3,	1059.0
77849,	39.9,	-61.1,	1059.0
77941,	35.0,	-61.4,	1060.1
78032,	34.7,	-61.4,	1059.0
78125,	39.7,	-60.0,	1059.0
78217,	39.8,	-61.8,	1059.0
78309,	37.3,	-61.8,	1059.0
78401,	33.6,	-61.0,	1059.0
78503,	35.8,	-62.2,	1060.1
78596,	34.4,	-61.2,	1060.1
78688,	42.0,	-61.8,	1059.0
78780,	36.3,	-62.2,	1059.0
78872,	34.4,	-61.2,	1060.1
78964,	34.2,	-61.1,	1060.1
79056,	40.5,	-62.9,	1059.0
79149,	38.8,	-62.5,	1060.1
79240,	34.2,	-61.7,	1059.0
79332,	40.9,	-62.1,	1059.0
79424,	38.2,	-63.3,	1060.1
79516,	34.7,	-62.5,	1060.1
79619,	37.7,	-62.8,	1059.0
79711,	38.6,	-62.1,	1059.0
79803,	35.8,	-63.1,	1059.0
79895,	41.1,	-63.6,	1060.1
79987,	39.6,	-63.9,	1060.1
80079,	35.7,	-62.2,	1059.0
80172,	41.9,	-64.1,	1060.1
80264,	39.6,	-64.5,	1060.1
80356,	35.7,	-63.6,	1059.0
80447,	41.5,	-63.9,	1059.0
80539,	40.6,	-64.5,	1060.1
80631,	41.8,	-63.8,	1059.0
80734,	42.5,	-64.2,	1059.0
80826,	40.2,	-65.6,	1059.0
80918,	36.5,	-64.3,	1059.0
81010,	43.0,	-65.4,	1059.0
81102,	40.4,	-64.4,	1059.0
81195,	37.0,	-63.8,	1060.1
81287,	37.1,	-64.1,	1060.1
81379,	41.9,	-64.8,	1059.0
81471,	42.5,	-64.5,	1060.1
81562,	37.1,	-65.8,	1059.0
81654,	42.7,	-66.1,	1059.0
81746,	42.8,	-64.5,	1059.0
81849,	44.6,	-66.6,	1059.0
81941,	41.4,	-65.3,	1060.1
82033,	42.2,	-65.4,	1060.1
82125,	37.8,	-65.7,	1059.0
82217,	43.4,	-65.5,	1059.0
82310,	43.1,	-64.9,	1059.0
82402,	38.4,	-66.4,	1059.0
82494,	43.4,	-66.2,	1060.1
82586,	44.4,	-65.9,	1059.0
82678,	37.9,	-65.4,	1059.0
82769,	44.1,	-67.7,	1059.0
82862,	42.1,	-66.5,	1059.0
82964,	38.6,	-66.3,	1059.0
83056,	44.1,	-67.1,	1059.0
83148,	44.8,	-65.7,	1059.0
83240,	39.6,	-67.2,	1059.0
83333,	44.4,	-66.6,	1060.1
83425,	45.4,	-66.7,	1059.0
83517,	39.7,	-66.7,	1060.1
83609,	39.8,	-68.2,	1059.0
83701,	43.6,	-66.7,	1059.0
83793,	47.2,	-68.1,	1059.0
83886,	41.3,	-68.2,	1059.0
83977,	43.0,	-68.2,	1060.1
84080,	40.9,	-69.4,	1060.1
84171,	45.5,	-68.1,	1059.0
84263,	46.2,	-68.7,	1059.0
84356,	47.1,	-67.9,	1059.0
84448,	40.8,	-69.3,	1060.1
84540,	44.3,	-67.5,	1060.1
84632,	47.7,	-68.7,	1060.1
84724,	42.4,	-69.4,	1059.0
84816,	44.0,	-69.5,	1059.0
84909,	48.3,	-69.2,	1059.0
85001,	41.9,	-69.8,	1059.0
85093,	44.7,	-69.0,	1059.0
85195,	48.4,	-69.2,	1059.0
85287,	42.8,	-70.1,	1059.0
85379,	45.8,	-69.3,	1059.0
85471,	49.1,	-71.0,	1059.0
85563,	43.0,	-70.1,	1059.0
85655,	46.0,	-70.3,	1059.0
85747,	49.3,	-70.1,	1059.0
85839,	43.8,	-71.3,	1059.0
85932,	44.5,	-69.3,	1060.1
86024,	44.7,	-71.1,	1059.0
86116,	49.9,	-70.8,	1059.0
86208,	45.1,	-71.4,	1059.0
86310,	49.8,	-71.4,	1059.0
86403,	44.0,	-71.1,	1059.0
86495,	46.3,	-70.9,	1059.0
86586,	50.3,	-71.9,	1059.0
86678,	50.7,	-71.9,	1059.0
86770,	46.2,	-71.3,	1059.0
86862,	45.3,	-72.4,	1059.0
86955,	51.1,	-71.1,	1059.0
87047,	46.3,	-71.8,	1060.1
87139,	46.0,	-72.1,	1059.0
87231,	49.9,	-72.5,	1059.0
87323,	46.2,	-71.5,	1002.3
87426,	49.0,	-72.9,	1008.0
87518,	48.2,	-72.4,	1020.8
87610,	47.9,	-73.4,	1027.7
87702,	48.3,	-73.3,	1034.7
87793,	48.2,	-72.6,	1042.8
87885,	48.6,	-72.5,	1047.4
87977,	49.3,	-73.1,	1054.3
88070,	48.2,	-72.4,	1059.0
88162,	48.7,	-72.3,	1060.1
88254,	48.4,	-73.0,	1059.0
88346,	48.9,	-71.9,	1059.0
88438,	48.6,	-72.7,	1059.0
88541,	48.3,	-72.9,	1059.0
88633,	48.2,	-72.4,	1059.0
88725,	48.3,	-73.1,	1059.0
88817,	48.7,	-72.4,	1059.0
88909,	48.3,	-72.3,	1060.1
89000,	48.6,	-73.0,	1060.1
89093,	48.4,	-72.5,	1059.0
89185,	48.4,	-72.6,	1059.0
89277,	48.6,	-72.9,	1059.0
89369,	48.3,	-72.2,	1059.0
89461,	48.6,	-72.8,	1060.1
89553,	48.6,	-72.5,	1059.0
89656,	48.7,	-71.8,	1060.1
89748,	48.4,	-72.2,	1059.0
89840,	48.4,	-72.5,	1059.0
89932,	48.4,	-72.7,	1060.1
90024,	48.3,	-72.4,	1060.1
90117,	48.5,	-72.8,	1059.0
90208,	48.4,	-72.2,	1059.0
90300,	48.7,	-72.5,	1060.1
90392,	48.6,	-71.5,	1059.0
90484,	48.6,	-72.9,	1059.0
90576,	48.4,	-72.2,	1059.0
90669,	48.3,	-72.6,	1059.0
90771,	48.5,	-71.7,	1059.0
90863,	48.3,	-73.6,	1060.1
90955,	48.5,	-72.1,	1059.0
91047,	48.8,	-72.2,	1060.1
91140,	48.3,	-72.0,	1059.0
91232,	48.6,	-72.1,	1059.0
91324,	48.3,	-71.9,	1059.0
91415,	48.5,	-72.0,	1057.8
91507,	48.5,	-72.3,	1059.0
91599,	48.3,	-72.6,	1059.0
91692,	48.3,	-72.4,	1059.0
91784,	48.4,	-72.2,	1059.0
91886,	48.4,	-73.0,	1059.0
91978,	48.5,	-72.6,	1059.0
92070,	48.4,	-72.2,	1059.0
92163,	48.2,	-72.2,	1060.1
92255,	48.3,	-72.1,	1059.0
92347,	48.5,	-72.0,	1059.0
92439,	48.6,	-73.0,	1060.1
92531,	48.1,	-72.2,	1060.1
92622,	48.4,	-72.3,	1059.0
92715,	48.4,	-72.0,	1060.1
92807,	48.4,	-72.3,	1059.0
92899,	48.5,	-72.2,	1060.1
93001,	48.4,	-72.3,	1059.0
93093,	48.5,	-72.8,	1060.1
93186,	48.3,	-72.4,	1060.1
93278,	48.5,	-72.8,	1059.0
93370,	48.2,	-72.2,	1059.0
93462,	48.1,	-72.4,	1059.0
93554,	48.5,	-72.0,	1059.0
93646,	48.6,	-72.8,	1059.0
93737,	48.1,	-72.5,	1059.0
93830,	48.3,	-72.5,	1059.0
93922,	48.4,	-72.2,	1060.1
94014,	48.6,	-72.4,	1060.1
94116,	48.3,	-73.1,	1059.0
94209,	48.1,	-73.2,	1059.0
94301,	48.2,	-73.4,	1060.1
94393,	48.3,	-71.8,	1059.0
94485,	48.5,	-72.3,	1059.0
94577,	48.7,	-71.8,	1059.0
94669,	48.5,	-72.6,	1059.0
94761,	48.3,	-72.3,	1060.1
94854,	48.5,	-72.5,	1060.1
94945,	48.4,	-72.9,	1059.0
95037,	48.4,	-72.9,	1059.0
95129,	48.3,	-71.8,	1059.0
95232,	48.6,	-72.5,	1059.0
95324,	48.5,	-72.2,	1060.1
95416,	48.5,	-71.4,	1060.1
95508,	48.5,	-72.8,	1060.1
95600,	48.4,	-72.6,	1059.0
95692,	48.3,	-72.6,	1059.0
95784,	48.5,	-71.9,	1059.0
95877,	48.5,	-71.8,	1059.0
95969,	48.4,	-71.9,	1059.0
96061,	48.5,	-72.6,	1059.0
96153,	48.4,	-71.4,	1059.0
96244,	48.5,	-72.8,	1059.0
96347,	48.7,	-72.7,	1060.1
96439,	48.6,	-72.3,	1060.1
96531,	48.1,	-72.9,	1059.0
96623,	48.2,	-72.0,	1059.0
96715,	48.4,	-72.3,	1057.8
96807,	48.6,	-72.4,	1059.0
96900,	48.2,	-72.4,	1060.1
96992,	48.4,	-72.2,	1059.0
97084,	48.6,	-72.3,	1060.1
97176,	48.4,	-71.6,	1059.0
97268,	48.3,	-72.3,	1060.1
97359,	48.6,	-71.5,	1059.0
97462,	48.6,	-71.9,	1059.0
97554,	48.6,	-73.0,	1059.0
97646,	48.4,	-72.3,	1059.0
97738,	48.6,	-72.4,	1059.0
97830,	48.3,	-72.1,	1059.0
97923,	48.7,	-72.6,	1060.1
